symbol,timestamp,source,text,url
AAPL,2025-06-30 16:59:34,reddit,"Is AAPL still worth holding onto?
I'm considering closing my AAPL position. I've been holding shares for 5 years and it's seeming like sentiment and momentum have kind of dried up and I'm starting to think that there may be better places to park that money. I was hoping I might be able to get some incite from others here",https://www.reddit.com/r/stocks/comments/1locuuv/is_aapl_still_worth_holding_onto/
AAPL,2025-07-31 02:55:52,reddit,"$AAPL reports tomorrow $200 or $240, playing straddle!
They are losing market share in China, so my take is $200, but because I am usually wrong on this stock, you are welcome to buy calls and share the profits with me (just kidding). But seriously, WTF - AAPL is so behind in AI, who uses SIRI? Check out GROK, so much better.....Not sure what to do here, but maybe fuc\* it go ahead and buy 200 puts?",https://www.reddit.com/r/stocks/comments/1mdqdcg/aapl_reports_tomorrow_200_or_240_playing_straddle/
AAPL,2020-10-13 09:19:24,reddit,"I have $213,000 in Apple (AAPL) stock, should I start to diversify?
I always tell myself to stop buying Apple, but I always give in because Apple is such a cash machine. Would you start diversifying new money in companies such as Square (SQ), Microsoft (MSFT) and Amazon (AMZN). Or would you keep adding more to Apple (AAPL)?

Edit: Apple (AAPL) is my entire portfolio, don't own anything else.

Second Edit: Damn this blew up.",https://www.reddit.com/r/stocks/comments/ja9wv0/i_have_213000_in_apple_aapl_stock_should_i_start/
AAPL,2025-01-31 16:46:00,reddit,"AAPL - 26,527.62% return over 25 years
Today to the day is the anniversary of twenty five years of my first purchase of AAPL shares.  I bought 1200 dollars worth.

In early 2000, I had just graduated college.  I had a few thousand given to me as an inheritance that was being managed by a broker.

 I asked the broker about purchasing some Apple shares, and he was unimpressed, and unmoved. I was annoyed at him. Apple was the one I had the strongest impulse to purchase.

 Why apple? I had gone from being skeptical of Apple. My  college was very heavily Mac, but I had PCs.  I was unimpressed at the OS, but I was struck by peopleâ€™s reactions to Jobs.  He was enthusiastic, and I liked the cut of the jib who liked the cut of his jib. I was drawn to the elitism of the people to the brand, and felt it could bounce back. This was even before iPods, mind you, before OS X.  

These were the days of the dotcom boom. This broker was taking like 500 bucks for every trade. This felt unfair, in light of the great digital democratization that was in progress, I wanted the power.  And E*trade was relatively new and it seemed legit.  I hadnâ€™t done anything like this before, I was just a kid, really, but I decided to just go for it. 

I sold most of the shares I inherited, and threw 1200 bucks into Apple.  `(also a few other, less impressive stocks)' I did marvelously the first few months as the market soared, as did most people. 

Andâ€¦. it  came tumbling down in April 2000.  Disillusioned, I decided not to try to reposition my shares, and I just let things ride for a few months.  When I rebalanced by portfolio, I kept my apple shares, which had split, despite the pull-back.

Every year, I would consider would I buy more apple now?  And it didn't occurr me to sell. Apple often seemed almost comically undervalued, and I held on or increased my investment in it.

Every time apple goes up 1 point, I get more than my initial investment back. Why? Splits.

â€¢	2-for-1 split in 2000  
â€¢	2-for-1 split in 2005  
â€¢	7-for-1 split in 2014  
â€¢	4-for-1 split in 2020

Nowadays cost basis: .88 cents.     As of today that investment has grown 26,527.62%. I added more and more apple across the years, and had some other lucky calls (my second largest holding is NVDA) but no move matches that whimsical lucky move of 25 years ago today.

The security that owning these securities has offered me is significant.  It has let me have a job that isnâ€™t that well-payed and support my family with emergencies being take of by extra funds. We own a lot of apple products, because with the dividends, it sort of just pays for them.

I do think itâ€™s good to give early adults access to a few thousand dollars to play the market and plan to do that with my own children.  Although I didnâ€™t sell my shares, what I did do is convert a bunch of them to a donor advised fund (avoiding taxes, whee), and I give to charity from that for annual giving, and that feels like a win win win proposition.  

I do feel overexposed in AAPL and NVDA, but due to still hopefully having another at least 25 years to go in my life is that pullbacks eventually come back up. The biggest principle that has guided my investing is â€œDonâ€™t buy crap if you can help itâ€, and that's my advice to new investors.",https://www.reddit.com/r/stocks/comments/1iej3mb/aapl_2652762_return_over_25_years/
AAPL,2023-09-07 13:15:44,reddit,"China plans to expand its ban on iPhones, AAPL drops 3%+
**China plans to expand a ban on the use of iPhones in sensitive departments** to government-backed agencies and state companies, a sign of growing challenges for Apple Inc. in its biggest foreign market and global production base.

Several agencies have begun instructing staff not to bring their iPhones to work, people familiar with the matter said, affirming a previous report from the Wall Street Journal. In addition, **Beijing intends to extend that restriction far more broadly to a plethora of state-owned enterprises and other government-controlled organizations**, the people said, asking not to be identified discussing a sensitive matter.

If Beijing goes ahead, **the unprecedented blockade will be the culmination of a yearslong effort to root out foreign technology use** in sensitive environments, coinciding with Beijingâ€™s effort to reduce its reliance on American software and circuitry. It **threatens to erode Appleâ€™s position in a market that yields about a fifth of its revenue**, and from where it makes the majority of the worldâ€™s iPhones through sprawling factories that employ millions of Chinese.

Chinese state firms like oil giant PetroChina Co. employ millions and control vast swathes of a centrally planned economy. Given Appleâ€™s relationship with Beijing and its importance to the economy, it â€œhas historically been viewed as relatively safe in China from government restrictions,â€ KeyBanc Capital Markets analyst Brandon Nispel said in a report Wednesday. â€œIs the government changing its stance?â€

A representative for Cupertino, California-based Apple didnâ€™t respond to a request for comment. The State-Owned Assets Supervision and Administration Commission and the State Council Information Office didnâ€™t respond to faxed requests for comment.

Source: [https://archive.ph/DOwGO#selection-5555.0-6051.108](https://archive.ph/DOwGO#selection-5555.0-6051.108)",https://www.reddit.com/r/stocks/comments/16cfl90/china_plans_to_expand_its_ban_on_iphones_aapl/
AAPL,2020-08-07 15:58:10,reddit,"Buy AAPL in front of 4:1 stock split. Stock splits add 8% in first year following split.
Critics argue that stock splits are non-events, that splitting a $400 stock 4:1 results in 4 shares trading at $100 each. Research shows splits add value. An Aug 2003 study at the Univ Illinois found that stocks that split beat the market by 8% in Yr 1, and by 12% in Yr 3. 

Why do stock splits work?
- Draws attention to the stockâ€™s past success (momentum)
- Tend to be followed by increased earnings and dividends (signaling)
- Attracts new investors who couldnâ€™t afford (broadens base)

I continue to buy AAPL in front of its 4:1 split on August 31, up to $480.",https://www.reddit.com/r/stocks/comments/i5gdxx/buy_aapl_in_front_of_41_stock_split_stock_splits/
AAPL,2024-05-08 14:07:32,reddit,"Are you worried about AAPL long term? 
Now Iâ€™m not saying to sell all of your Apple stock immediately. However, given that:

1. The Vision Pro was a dud, theyâ€™re pulling back manufacturing/production

2. iPhone sales are down almost 10%

3. Services didnâ€™t grow as much as we thought they would

4. Apple doing a buyback instead of investing more in R&D (it seems like theyâ€™re doing a lot of buybacks lately..)

5. Slow growth in critical markets like China

6. No major product line releases in the future. The Vision Pro was a dud and was too expensive - they thought about doing a car but cancelled that. Whatâ€™s the next new thing? 

Do I think Apple is doomed? Absolutely not. I love their products, especially the m series MacBooks.

But these points above are a little troubling. TBH I think Microsoft has a brighter future than AAPL. They hold a bigger grip/monopoly on commercial software. 

Iâ€™m just worried aapl wonâ€™t really be a growth stock anymore.",https://www.reddit.com/r/stocks/comments/1cn5fpj/are_you_worried_about_aapl_long_term/
AAPL,2022-12-22 19:41:41,reddit,"AAPL is at 52-week low!
Hi guys,

I just notice that AAPL at very near its 52-week low.  I am buying some shares.  Is anyone buying AAPL today?

AAPL is something to buy and hold for a while.  It's not a trade stock so a dollar or near a 52-week low is a great entry point.",https://www.reddit.com/r/stocks/comments/zsuvnl/aapl_is_at_52week_low/
AAPL,2022-08-17 19:45:51,reddit,"I SOLD AAPL :(
I know.  You just buy and forget it.  Yes.  I know.  And yet I am that dumb.  

I had been holding AAPL for long.  Years.  It felt like it has run up too much and is definitely going to reverse from 165.  Sold a call option.  Got called.  Ended up selling the stock.  I was just so convinced that this 28 multiple with 2% revenue growth was going to reverse.  Especially if they increase the price on iphones, how can you justify spending so much when its going to be a recession.  Just felt way overbought.  Every hedge fund is feeling the recession fear in 2023 and wants to hide some place and I think that is what is driving this crazy multiple right now.  Plus the AAPL event coming up in early september.  

And today it got upgraded and 2 bucks away from where it started the year.  

You cant believe the kind of FOMO I am feeling right now to just go and buy it.  But I am resisting.

So, yes, I made that cardinal mistake.  Bring on your, you are so stupid comments.  I deserve it.

But along with it, if you have gone through this, share your experience and suggest a few constructive next steps.  I do want to own AAPL in my portfolio in future.  May be I can do something with this money in mean time, till I find an entry point in AAPL.",https://www.reddit.com/r/stocks/comments/wqy6lj/i_sold_aapl/
AAPL,2023-06-05 11:59:58,reddit,"AAPL reaches all time high in pre-market trading
Apple reached today a new all time high of $182.7 in pre-market. Lots of expectations around the WWDC event and their much anticipated VR announcement.

What's your personal take on this? Is it just euphoria or is Apple poised to grow even further throughout the rest of the year?",https://www.reddit.com/r/stocks/comments/141c8eg/aapl_reaches_all_time_high_in_premarket_trading/
MSFT,2025-06-23 22:48:09,reddit,"Any guesses on when MSFT will split shares?
Iâ€™ve been a firm believer that MSFT will split after they hit $500/share. 

I have nothing to base this off of besides peers doing splits in the $400-900 range. 

Amazon, Google and Teslerr were the three peersâ€™ splits that come to mind. 

Disclosure: I have a tiny stake in MSFT but if itâ€™s splits I may end up with 100 shares, then Iâ€™ll sell CCs off into the sunset.

Thoughts on if or when weâ€™ll see a split from MSFT?


",https://www.reddit.com/r/stocks/comments/1liuyta/any_guesses_on_when_msft_will_split_shares/
MSFT,2025-07-31 14:50:56,reddit,"Is MSFT still a buy?
Microsoft has been a giant for decades. They continually print money while being that giant in the background while everyone else clamors for other tech names. They have pumped on cloud revenue and the expanding of their AI.   
  
I am in my first year of investing, and I'm wondering if MSFT after pumping post-earnings is still a valuable buy, or if I should wait for it to cool off. How much do they have room to grow, and is there a better play for pure cloud exposure? It would seem to me, their investment in OpenAI and Azure will be big for the AI industry moving forward, but there is the risk that AI doesn't find the profitability compared to spending people think it will. They clearly have the money to buy smaller players, and are still an industry leader for a reason.

Right now, I have positions in SNOW and GOOGL for cloud. Do you guys have any pure cloud plays that you are hot on right now?",https://www.reddit.com/r/stocks/comments/1me3nil/is_msft_still_a_buy/
MSFT,2025-07-29 16:15:46,reddit,"MSFT reports 30July
Hello everyone

I would like to start with thanking you all for the amazing information on this sub.

Iâ€™m 31M in a 2nd world country. Happens that in the last 8 years Iâ€™ve been buying 500 usd of MSFT stock because I strongly believe in it.

Also reinvested dividends into buying more stock in the last years

For the first time I will have to sell some shares for a person project in the next month.

The results are tomorrow after market.

Question:
Should I sell today or August 1st? I think earnings will beat but already priced in

Donâ€™t judge me. My portfolio is 100% Microsoft but I did an all in

Current position: 
150k - around 300 stocks",https://www.reddit.com/r/stocks/comments/1mcfr28/msft_reports_30july/
MSFT,2024-03-29 20:03:04,reddit,"Collaboration Alert: MSFT and OpenAI Launch $100 Billion Supercomputer Venture
ARTICLE TLDR: Microsoft and OpenAI are reportedly collaborating on a massive data-center project estimated to cost up to $100 billion. The initiative includes the development of an artificial intelligence supercomputer named ""Stargate."" While the companies have not officially commented on the project, sources suggest that Microsoft will likely finance it. Stargate is anticipated to be operational by 2028, marking the final phase of OpenAI's AI upgrade. This U.S.-based supercomputer is part of a series of installations planned over the next six years. The projected cost of $100 billion has been attributed to conversations with OpenAI CEO Sam Altman and Microsoft's initial cost estimates. The project is progressing through five phases, with Stargate as the fifth phase, while Microsoft is concurrently working on a smaller, fourth-phase supercomputer for OpenAI. The focus of the current phase is on procuring AI chips necessary for the subsequent phases.  
  
LINK:  
  
https://www.nasdaq.com/articles/microsoft-and-openai-planning-$100-billion-data-center-project-the-information-reports  
",https://www.reddit.com/r/stocks/comments/1bqy7d3/collaboration_alert_msft_and_openai_launch_100/
MSFT,2020-03-29 16:47:14,reddit,"Tell me why I shouldn't dump all my life savings into Microsoft (MSFT)?
Tell me why I shouldn't dump all my life savings into Microsoft (MSFT)?

1. Top management
2. Massive moats with Windows and Office
3. Growing Cloud Business
4. Multiple streams of revenue from Windows, Office, Cloud, Surface, Xbox

**EDIT: I now own 539 shares of Microsoft and 175 shares of Apple, granted this isn't my life savings in Microsoft, but it's a substantial portion.**

**EDIT 2: MICROSOFT IS THE GREATEST COMPANY IN THE WORLD AND IS GOING TO THE MOON**

**EDIT 3: DON'T FUCK WITH MICROSOFT, DON'T SHORT MICROSOFT**",https://www.reddit.com/r/stocks/comments/fr8v6z/tell_me_why_i_shouldnt_dump_all_my_life_savings/
MSFT,2025-06-18 20:34:05,reddit,"MSFT may terminate expanded OpenAI deal as tensions rise over control and equity
According to the Financial Times Microsoft may terminate ongoing talks to deepen its partnership with OpenAI citing unresolved disputes over governance and future equity structure

The core issue OpenAI is pushing to formally transition into a for-profit entity which could potentially dilute Microsoft influence and ownership stake in the company  especially concerning any future models beyond GPT-4

Sources say that unless key terms are agreed upon Microsoft is ready to fall back on its existing commercial agreement which guarantees access to OpenAI models through 2030  unless a competitor matches or exceeds Microsoft's deal

Another twist OpenAI transition plan reportedly needs Microsoft formal approval by Dec 31, 2025. Without that green light OpenAI may risk losing interest from outside investors like SoftBank and other late-stage capital.

Despite the headlines, Microsoft commercial use case remains protected in the shorttomid term. But the question now is who controls the roadmap to GPT-5 and beyond  and whether Microsoft sees enough ROI to keep playing ball.

Is MSFT losing strategic leverage here? Or are they just protecting their current ROIï¼ŸCould this open the door for Google, Amazon, or even Meta to get in bed with OpenAI?How would a fractured OpenAI impact Azureâ€™s AI moat vs AWS and GCP?MSFT may terminate expanded OpenAI deal as tensions rise over control and equity

",https://www.reddit.com/r/stocks/comments/1lertl9/msft_may_terminate_expanded_openai_deal_as/
MSFT,2022-08-07 17:00:32,reddit,"IT'S NOT ABOUT APPL, MSFT, GOOGL, AMD and TSLA
Rant time: am I the only one who is tired of circle jerk around the same companies on this sub? 

The fun part is that people who pick stocks like to mention how anyone would be 1000+% up if they picked Tesla, Netflix, AMD 5 years ago, etc. However, 5 years later they still pick the same stocks that turned into MEGA corporations and have far less room to grow.

It just shows how investors became lazy and stopped doing their research, which is never good. Companies like Meta and Intel are great examples how strongholds may fall one day and having all eggs in one basket with overvalued mega corporations is never a good thing.

Rant's over. What would be your favorite picks in today's market that look promising and have a great growth potential? Except for the well established big guys mentioned above.",https://www.reddit.com/r/stocks/comments/wikghr/its_not_about_appl_msft_googl_amd_and_tsla/
MSFT,2025-02-01 05:38:03,reddit,"Why is no one talking about MSFT
I've been closely following Microsoft (MSFT) and I noticed that there hasn't been much discussion about it being a strong buy after strong earnings growth. The price is almost flat for the last one year The company showed significant growth potential and, from what I can tell, the current price level looks attractive for adding more shares. 

Am I missing something here? Are there any risks or factors that I might be overlooking? Would love to hear your thoughts and insights on this.
",https://www.reddit.com/r/stocks/comments/1iezk97/why_is_no_one_talking_about_msft/
MSFT,2021-11-01 20:12:01,reddit,"If you could put 3k into AAPL, MSFT, or FB, which would you choose?
Iâ€™m looking for a â€œsafeâ€ place to put 3k. Arguments can be made for a lot of stocks but the ones I see mentioned most are these three. AAPL/MSFT because theyâ€™re titans and historically just keep going up. FB because as much hate as they get, theyâ€™re apparently undervalued.

So if you could pick one, which would it be, and why?

EDIT: A lot of people just posting tickersâ€¦ I was hoping to get some discussion going on the reasoning behind your pick. Also Iâ€™m getting a lot of mixed answers so Iâ€™m even more confused now lol",https://www.reddit.com/r/stocks/comments/qkmmmq/if_you_could_put_3k_into_aapl_msft_or_fb_which/
MSFT,2020-10-27 20:30:56,reddit,"MSFT Destroys Earnings Expectations
*  $1.82 per share, adjusted, vs. $1.54 per share as expected by analysts, according to Refinitiv. 
*   $37.15 billion, vs. $35.72 billion as expected by analysts, according to Refinitiv. 

Additionally, Microsoft reports Azure public cloud grew 48%, experts had projected somewhere around 44%.",https://www.reddit.com/r/stocks/comments/jj98gu/msft_destroys_earnings_expectations/
TSLA,2025-07-23 23:06:28,reddit,"I guess it is finally time to short $TSLA
I've been following Tesla for a long time, and have been losing money trying to take bearish positions on TSLA. However bad the earnings are, or whatever Elon does or says, the stock defies common sense and logic. However, I do think that with the recent earnings, Tesla's 'meme stock' characteristics are finally fading away. It's not just the bad earnings and 'rough times' ahead as Elon calls it -- but my technical indicators also point to a bounce off the resistance around $335 ($337.82 was the level I was watching, to be precise).

What do people feel? Am I delusional, and will Tesla bulls prove me wrong again?",https://www.reddit.com/r/stocks/comments/1m7o7pf/i_guess_it_is_finally_time_to_short_tsla/
TSLA,2025-03-20 11:53:18,reddit,"Tesla (TSLA) accounting raises red flags as report shows $1.4 billion missing
â€œTeslaâ€™s (TSLA) accounting practices are raising red flags as a new report from the Financial Times shows that $1.4 billion is missing.
Many Tesla shorts and detractors have questioned Teslaâ€™s accounting for years, but they have never gained much traction â€“ until now.
Today, the Financial Times has released a new report pointing to a $1.4 billion gap in assets:

**Compare Teslaâ€™s capital expenditure in the last six months of 2024 to its valuation of the assets that money was spent on, and $1.4bn appears to have gone astray**.â€


https://electrek.co/2025/03/19/tesla-tsla-accounting-raises-red-flags-as-report-shows-1-4-billion-missing/

Official FT article without paywall: https://archive.ph/2025.03.20-035200/https://www.ft.com/content/62df8d8d-31f2-445e-bfa2-c171ac43db6e",https://www.reddit.com/r/stocks/comments/1jfn3wn/tesla_tsla_accounting_raises_red_flags_as_report/
TSLA,2025-03-12 18:25:51,reddit,"TSLA investors, beware
Trump's support of Tesla is a desperate and last ditch effort to save the falling stock. 

This is a pump and dump. He did that with the Trump & Melania meme coins, then with other shitcoins, and now TSLA. If you hold shares, this is your opportunity to dump them. Just my opinion. Not financial advice ;)",https://www.reddit.com/r/stocks/comments/1j9qzgg/tsla_investors_beware/
TSLA,2025-03-09 23:35:58,reddit,"TSLA being investigated by Transport Canada for cooking their books in Canada to snag EV rebates without selling cars.
The article notes that **four Tesla dealerships claimed to have sold 8,653Â Teslas in 3 days.** Assuming each dealership opens from 9AM-5PM, that's **90 cars sold per hour per dealership**. Worth noting that Canada's EV rebate program was set to shut down, interesting how Tesla found 8,600 sales in 3 days before it did...

Ironic that Musk, who has recently repeatedly said that people who rely on government payments are leeches and that Canada is not a real country, is now accused of trying to leech off of Canadian taxpayer-funded EV rebates himself to the tune of $43M.

I guess that's one way to maintain revenue while sales drop 90%!

Note: investigation is ongoing and there has been no confirmation of official wrongdoing yet.

Edit: Since this post got more attention then I expected. Yes I posted this Sunday and TSLA is currently down 13% today. However I do not think this is causing the drop, and rather itâ€™s an overall market pull back from trade wars and from Europe sales declines. The article was published Friday morning and Tesla was up 3% by end of Friday.  

[https://electrek.co/2025/03/07/tesla-made-a-suspicious-number-of-rebate-requests-on-last-days-of-canadian-ev-incentive/](https://electrek.co/2025/03/07/tesla-made-a-suspicious-number-of-rebate-requests-on-last-days-of-canadian-ev-incentive/)",https://www.reddit.com/r/stocks/comments/1j7l0bv/tsla_being_investigated_by_transport_canada_for/
TSLA,2025-03-13 13:55:53,reddit,"Tesla (TSLA) Stock: Trumpâ€™s Purchase Fails to Sustain Rally
Who knew that the publicity stunt on the WH lawn and a clear attempted pump wouldn't last. Do not buy the dip!

https://moneycheck.com/tesla-tsla-stock-trumps-purchase-fails-to-sustain-rally/

Teslaâ€™s stock price continues to show volatility in early March trading, falling 0.9% in premarket activity after two days of gains. This follows Mondayâ€™s steep 15.4% drop that marked the companyâ€™s worst trading day in nearly five years.

The electric vehicle maker saw its shares rebound 7.6% on Wednesday and 3.8% on Tuesday. These gains came after President Donald Trumpâ€™s public commitment to purchase a Tesla Model S during a White House event with CEO Elon Musk.

Despite the recent uptick, Tesla stock remains down almost 50% from its mid-December record high. The current price hovers around $245.75 in premarket trading.",https://www.reddit.com/r/stocks/comments/1jaciwt/tesla_tsla_stock_trumps_purchase_fails_to_sustain/
TSLA,2025-02-11 22:20:13,reddit,"TSLA isn't the NVIDIA of EV's anymore


Iâ€™m no Tesla expert, and Iâ€™m sure plenty of people know way more about the company than I do, but I wanted to throw out some thoughts and see what you all think.



Right now, TSLA is sitting around $330 a share, up 75% YOY. But honestly, I see some major red flags:



ðŸ“‰ Shrinking Profit Margins â€“ Teslaâ€™s margins have been steadily declining for years. Not a great trend.



ðŸ´â€â˜ ï¸ Muskâ€™s PR Nightmare â€“ Elon literally gave a â€œSieg Heilâ€ on live TV. Now, a huge chunk of the world sees him (and by extension, Tesla) as a Nazi. Thatâ€™sâ€¦ not exactly great for brand reputation.



ðŸš— Cybertruck is a Mess â€“ Poor build quality, tons of issues, and at this point, itâ€™s basically a meme.



ðŸŒ New Political & Tariff Risks â€“ Tesla is vulnerable to steel and aluminum tariffs, an anti-EV U.S. President, and a California governor who hates Musk and might pull state EV rebates.



âš¡ Serious Competition is Catching Up â€“ Tesla isnâ€™t the undisputed EV/FSD leader anymore. Other companies are matchingâ€”or surpassingâ€”them in innovation.



ðŸš¦ FSD is Overhyped â€“ Despite all the robotaxi talk, Teslaâ€™s self-driving tech is still only Level 2-3. Meanwhile, other companies already have Level 4 robotaxis on the road.



ðŸ”‹ Rising Costs = Profit Squeeze â€“ Raw material costs are going up, and Trumpâ€™s tariffs on China-made batteries could make things even worse.



ðŸ¤– Tesla is Struggling to Attract Top AI Talent â€“ Even before Muskâ€™s latest antics, nearly all top AI researchers and recent ML PhD graduates from the top schools were choosing OpenAI, Anthropic, or GAMMA (Google, Amazon, Meta, Microsoft, Apple) over Tesla or xAI. Now? Even fewer want to work there, which could hurt Teslaâ€™s AI progress.



ðŸ”µ Losing Left-Leaning Consumers â€“ Left-leaning buyers are way more likely to buy EVs than right-leaning ones. And almost every left-leaning consumer has grown to despise Musk, leading them to choose non-Tesla EVs instead.



Tesla used to be the Nvidia of EVsâ€”they were miles ahead of everyone else. But thatâ€™s just not the case anymore. There are more non-Tesla EV options every year, and in terms of FSD, several companies already have a better product and better talent. So, to me, a $1.1 trillion valuation feels ridiculous.



What do you guys think? Am I being too bearish, or is Tesla in for some rough times ahead?",https://www.reddit.com/r/stocks/comments/1inb7p0/tsla_isnt_the_nvidia_of_evs_anymore/
TSLA,2025-03-04 18:53:07,reddit,"Elon Musk tries and fails to pump Teslaâ€™s stock (TSLA)
Elon Musk tried to pump Teslaâ€™s stock (TSLA) by claiming a 10x increase in profits, but it failed. In fact, the stock is down 10% since Muskâ€™s pump.

After an analyst posted a prediction that Tesla would increase its profits by 256%, Tesla CEO Elon Musk responded

>It will require outstanding execution, but I think more like 1000% gain for Tesla in 5 years is possible.

The comment was quickly propagated by Elon fans and the community of â€œTesla all-insâ€ as being a sign that Musk, who is quite busy with X and DOGE lately, still believes in Tesla.

full article: [https://electrek.co/2025/03/04/elon-musk-tries-and-fails-to-pump-teslas-stock-tsla/](https://electrek.co/2025/03/04/elon-musk-tries-and-fails-to-pump-teslas-stock-tsla/)",https://www.reddit.com/r/stocks/comments/1j3ibxk/elon_musk_tries_and_fails_to_pump_teslas_stock/
TSLA,2025-04-21 19:19:00,reddit,"What do you think is going through Elons mind right now now? TSLA earnings call tomorrow.
What do you think is going through Elons mind right now now? TSLA earnings call tomorrow. He is probably losing his mindâ€¦. Will TSLA hit 10$ in a few years, go bankrupt, or even with a new CEO, the brand is wrecked. ",https://www.reddit.com/r/stocks/comments/1k4m0wz/what_do_you_think_is_going_through_elons_mind/
TSLA,2025-04-11 04:52:27,reddit,"Help. Mom spent entire portfolio on TSLA at 375 on a whim.
Title explains the situation but for some context: 

I just found out my mom spent her entire portfolio (7k) on TSLA in February. I know 7k is not a lot for some but for her it is significant - not gonna put us in serious trouble or anything but it is hard earned money.

She said she ""just felt like it"" one morning. I was furious but nothing I can do about it now.

What do I do? Already down about 2.3k and wondering if we should just cut our losses ASAP or hold out hope. It just hurts knowing she quite literally threw thousands of dollars down the drain.

Edit: 1. Not American. 2. My mom's not an Elon fan. She barely knows who he is, and she barely speaks English ðŸ˜­ I understand the absurdity of the situation and I wish I knew why she did that too",https://www.reddit.com/r/stocks/comments/1jwhxg2/help_mom_spent_entire_portfolio_on_tsla_at_375_on/
TSLA,2021-10-25 18:16:12,reddit,"TSLA hits $1000. Makes it a first $1T Auto company
So yes, this just happened, not sure what to say other than congrats on the gains to all the holders

This is incredible achievement and I am still not sure what is causing this. It took tech companies decades and many many successful products to reach this milestone while TSLA just breeze through it. Seems like market will never trade TSLA sideway so it can grow into the valuation but rather expanding it at this level. 

What are your thoughts on this feat.?

https://i.imgur.com/8kOZdYq.jpg",https://www.reddit.com/r/stocks/comments/qfmugy/tsla_hits_1000_makes_it_a_first_1t_auto_company/
NVDA,2025-07-29 14:16:59,reddit,"Better to swap NVDA with AMD?
I mean letâ€™s be honest Nvidia is at like 4.3 trillion mc and the chances of it doubling in the next year or two is almost negligible ? Iâ€™m wondering if I swap my NVDA with amd and amd is showing a promising company now with their cost effective high performance chips coming out. And most importantly the chances of amd doubling is way higher than NVDA right now as their mc is only like 300b. Let me know your thoughts",https://www.reddit.com/r/stocks/comments/1mccmzq/better_to_swap_nvda_with_amd/
NVDA,2025-06-29 15:05:17,reddit,"The NVDA journey has just begun
Nvidia is at the centre of the AI revolution, with breakthrough products and great opportunities ahead that continue to exceed my expectations.

Recent innovations such as the Blackwell GB200 NVL72 and expanding AI applications, including robotics, solidify Nvidia's dominant market position and growth potential.

Despite a record valuation, Nvidia's history of growing profits at a rate above valuation is unlikely to end.

I remain a committed long-term buyer of NVDA and I believe that Nvidia's leadership in AI and data centre technology makes it a must-have stock, despite the short-term risks.

How about now? NVIDIA's stock price and valuation just hit an all-time high, and many investors are wondering if NVIDIA is overvalued. Maybe they should take profits? Surely we'll see some short sellers active. For me, the journey has just begun. Since my recent article NVIDIA has announced some significant partnerships and at the recent GTC Paris conference its CEO made it clear to me that the growth story behind AI is continuing to accelerate. Let me bring you up to speed while we review whether NVIDIA remains a worthwhile buying opportunity.

It's worth noting that the US or Asia aren't the only ones committed to AI development - Europe is also active and not far behind. While Europe isn't often mentioned in these discussions (there's even a joke that the US owns AI while Europe has an â€˜AI Actâ€™ to regulate it), NVIDIA has highlighted its involvement in industrial/physical AI From the heart of Germany's automotive industry to the manufacturing hubs of France and Italy, Europe is adopting industrial AI and advanced AI robotics to address labour shortages, increase productivity and drive sustainable economic growth.

Robotics companies are developing humanoid robots and collaborative systems to integrate AI into real-world manufacturing applications. Backed by a $200bn investment programme and a coordinated effort by the European Commission, Europe is at the forefront of the next wave of AI-driven industrial automation.

It's easy to get caught up in concerns about potential overvaluation once the stock hits another record high. Take a look at NVDA's P/E ratio trend (I usually focus on EV/EBITDA, but it's showing the same trend). Since April 2025, the P/E has risen significantly as valuations have experienced a dynamic recovery (over 50%).

What's the key to deciding whether it's worth paying nearly $50 per share for $1 in earnings? It's the growth story behind NVIDIA and its continued path. NVIDIA's performance over the past few years suggests that it has a very good growth habit to reach its valuation levels. Just look at its P/E ratio in July 2023 - over 240x! Now, what surprises me is that buyers of NVIDIA actually made a lot of money during that time :)

How is that possible? NVIDIA's earnings are growing faster than its valuation. That's why you observe that valuation multiples have been declining since early 2024. Yes, the valuation multiple is now up nearly 50x, but ...... if NVIDIA continues on this path, delivers on its intended product roadmap, and the world continues to move towards an AI-driven economy, NVIDIA's current valuation will look cheap in a few years.

Risk factors? There are many, and there are no risk-free investments in the stock market. If the Trump administration escalates the trade war, which is currently on hold, NVIDIA could face some short-term issues that would impact NVIDIA's supply and customer operations. Yes, NVIDIA is well prepared for these changes, with some production being shifted to the U.S. and adjusted supply for Chinese customers (due to export restrictions). Any economic or geopolitical fluctuations could also hurt market sentiment, but in the long run I don't see this as a factor.

So, as an investor with a long-term focus and a bright future for NVIDIA, not only am I not selling any shares, I'm adding to my holdings. For me, NVIDIA remains a â€˜Strong Buyâ€™ stock. Cheers!",https://www.reddit.com/r/stocks/comments/1lngvg0/the_nvda_journey_has_just_begun/
NVDA,2025-04-15 21:43:45,reddit,"NVDA down 5% in 10 minutes
New to investing. What causes a drop this steep so quickly? From 5:25-5:35. do a bunch of orders go through specifically at that time or is that one investment firm dumping their holdings or something along those lines?",https://www.reddit.com/r/stocks/comments/1k03z3s/nvda_down_5_in_10_minutes/
NVDA,2025-01-27 11:24:16,reddit,"Are you panic selling NVDA because of DeepSeek?
How do you think this was trained? Using their proprietary chipset? Haha

If anything, US companies will double down on training a better model. A lot of smaller companies can now enter the market due to low cost / low barrier to entry. And how do you think those model will be trained?

They are all using Nvidia chipset. If you didnâ€™t know, now you know!

Sell all you can, because people who know will buy low so they can sell even higher.

Update: Found this article that says total REAL cost to train DeepSeek was in the region of 500M when taking into account other costs. This is far higher than what they claimed (6M) but still lot cheapr than OpenAI's $7b budget.
https://www.interconnects.ai/p/deepseek-v3-and-the-actual-cost-of

Is it possible OpenAI was trying to maximise profit by taking advantage of their leading position (as they were under pressure to show some profit for a while). DeepSeek just showed the same (or better) think can be done lot cheaper.",https://www.reddit.com/r/stocks/comments/1ib6f78/are_you_panic_selling_nvda_because_of_deepseek/
NVDA,2025-06-25 16:57:20,reddit,"Nvidia is ripping again  are we seriously doing this??So can NVDA break the spell and continue to break new highs?
NVDA is back on a heater. Stock's flying past $150 and itâ€™s looking like we might break the January highs. Honestlyâ€¦ didnâ€™t think weâ€™d be back here this fast after that dumpster fire earlier this year

Remember when it tanked to the low $90s? Between Trumpâ€™s China chip ban, Huawei heating up, and that random DeepSeek AI hype? I thought the bubble had popped. But nope  earnings beat, Saudi/UAE deals, and now here we are again

Now Iâ€™m seeing $250 PTs getting thrown around like itâ€™s no big deal. $6T market cap? 

 So real talk:Are you still buying here?Is this just the AI hype train picking up steam again?If youâ€™re holding, are you trimming or riding it out?If not NVDA, what are you playing instead? AMD? AVGO? Or just indexing and chilling?

Iâ€™ve been sitting on the sidelines and ngl, Iâ€™m feeling a little FOMO

But on the flip side, Nvidia really seems to be a one-of-a-kind presence. While others are still in the middle of a marathon, it's already taking selfies on the podium



  
",https://www.reddit.com/r/stocks/comments/1lkb2v2/nvidia_is_ripping_again_are_we_seriously_doing/
NVDA,2024-05-22 20:23:33,reddit,"NVDA earnings
Nvidia said it was splitting its stock 10 to 1. 

Earnings Per Share: $6.12 adjusted vs. $5.59 adjusted, per LSEG consensus estimates.
Revenue: $26.04 billion vs. $24.65 billion expected by LSEG

Nvidia said it expected sales of $28 billion in the current quarter


Nvidia reports a 262% jump in sales, signals continuing AI boom",https://www.reddit.com/r/stocks/comments/1cyabrc/nvda_earnings/
NVDA,2022-02-09 02:31:01,reddit,"$FB officially worth less than $NVDA
I know this sub is primarily focused on fundamentals and typically conservative, but there are some big bulls out there.

Can someone explain to me how $NVDA is not overvalued out the ass as every article I read see screams to buy $NVDA as it is a discount right now.

&#x200B;

|Company|Market Cap|TTM Rev $M|Pretax Income $M|PE Ratio|
|:-|:-|:-|:-|:-|
|Facebook|599.317B|117,929|47,284|15.99|
|Nvidia|625.691B|24,274|8,546|77.42|
|AMD|153.786B|16,434|3,669|49.89|

When I look at these companies, I do not understand how Nvidia could be priced where it is now. The two big areas of growth people seem to have for Nvidia is the self driving space and the metaverse. Self driving is years away from being viable and there are many players. Isn't metaverse the exact thing that has demolished $FB's market cap? How can you be bullish on one and bearish on the other for the exact same thing?

Earnings are next week and everything seems to scream this is going under. At the same time I am remembering that markets can remain irrational for longer than I can remain solvent.

I'm interested in hearing why this stock demands such a premium.",https://www.reddit.com/r/stocks/comments/so26m6/fb_officially_worth_less_than_nvda/
NVDA,2024-09-12 02:18:47,reddit,"NVDA jumps 8% after CEO comments but falls 12% after quarterly report?
So let me get this straight. After a bombastic quarterly report that may contain a faint hint towards a slight slow down the stock crashes and loses 12%. But when the CEO makes a side comment that they are actually doing great it goes back up 8%?

Is this a meme stock now? Are we back into the Elon Musk market manipulation territory again or what the heck is going on? I, genuinely, don't get it.",https://www.reddit.com/r/stocks/comments/1fertph/nvda_jumps_8_after_ceo_comments_but_falls_12/
NVDA,2023-02-23 17:06:07,reddit,"NVDA: another painful lesson in selling
I've said numerous times in this sub that my most painful mistake over my investing career by far has been selling prematurely. But I'm human, and I still occasionally make the same stupid mistake.

I bought NVDA a year ago at around $234. I watched in horror as it dropped to a low of almost $110, but I patiently held on. Then it started to rebound nicely late last year but I started getting concerned, hearing lots of people talk about the supply glut in chips and valuation concerns and blah, blah, blah. So I decided to cut my losses around $160. And here we are, back right to my purchase price.

Yet another painful reminder that for long term investors, the only reason to sell (unless you really need the capital) is if the thesis for making the investment in the first place no longer applies. Don't sell because of macro concerns, hypothetical risks, or because of valuation.",https://www.reddit.com/r/stocks/comments/11a2ssn/nvda_another_painful_lesson_in_selling/
NVDA,2023-05-18 18:53:50,reddit,"Why NVDA keeps going up?
WTF is going on with NVDA? It keeps going up and it doesnt seem like it will stop anytime soon. I read some comments in about a couple weeks ago that many people are shorting @320 but it seems a pretty bad idea based on its trend lately. Whatâ€™s your thought?",https://www.reddit.com/r/stocks/comments/13l7fzf/why_nvda_keeps_going_up/
GOOGL,2025-07-23 05:22:53,reddit,"Taking stock of Alphabet (GOOGL GOOG)
Going into earnings, GOOGL has been up 10 straight trading days, so is it time to sell?   Look at every single tech market where Alphabet is the dominant player or is in the top three.  In many instances, GOOGL created the market or disrupted the market incumbent.  It just emerged a few months ago that quantum computing was a thing; and which company had the breakthrough? Alphabet.  (Full Disclosure: I own 800 shares of GOOGL/GOOG and a child who works there)

No wonder the Department of Justice is so concerned about them; in Tech, scale and first mover advantage equate to market share and here's how Alphabet lines up in these disparate defined markets according to the DOJ:   

Ads and Ad technology:  1) Alphabet 2) Meta 

Search: 1) Alphabet 2) Microsoft

Maps: 1) Alphabet 2) Apple

Mobile Search: 1) Alphabet

Mobile hardware: 1) Apple 2) Samsung 3) Alphabet

Home Devices: 1) Amazon 2) Apple 3) Alphabet

Personal Devices: 1) Apple 2) Alphabet 

Productivity Software: 1) Microsoft 2) Alphabet

Browser: 1) Alphabet Chrome 2) Microsoft Bing

Mobile OS: 1) Alphabet Android 2) Apple IOS

Cloud: 1) Amazon 2) Microsoft 3) Alphabet

AI LLMs: 1) OpenAI 2) Alphabet 

AI Chip Design 1) Nvidia (GPU) 2) Alphabet (TPU)

Quantum Computing: 1) IBM 2) Alphabet

Social media 1) Facebook 2) Alphabet

Video MPVD Subscribers 1) Charter 2) Comcast 3) AT&T Directv 4) Alphabet YoutubeTV

Video Streaming Services 1) Alphabet Youtube 2) Netflix 3) Disney

Mobility/Self Driving 1) Alphabet Waymo 2) Tesla

Robotics: 1) Alphabet 2) Tesla",https://www.reddit.com/r/stocks/comments/1m70tqy/taking_stock_of_alphabet_googl_goog/
GOOGL,2025-07-10 17:37:40,reddit,"How screwed is $GOOG, really?
Perplexity and OpenAI are both supposedly going to â€œchallengeâ€ Googleâ€™s search business, and thatâ€™s rattling investors everywhere.

This is interesting because Googleâ€™s total ad revenue in Q1 2025 was $67bn and Search contributed for nearly 74% of that. And, according to the DOJ filings in the ongoing antitrust case,Â **about 35 % of all Google search queries originate inside Chrome**, driving â€œbillions in Search revenue.â€

Meaning, three-quarters of every dollar Alphabet makes still flows through ads, most of whichÂ *start in a browser tab.*Â Every point of share that Chrome loses risks a direct dent in Alphabetâ€™s main cash engine. Barclays estimates a 5-point loss of Chrome share could shaveÂ **>$3 B off quarterly Search sales.**Â Thatâ€™s a big dent.

However, Itâ€™s good to know that all the commotion so far is still -Â *just commotion*. For reference, Google has dominated the browser race since the introduction of chrome in 2008, with a \~68% global share. The next in line is Edge with a \~13% share.Â 

Additionally: ""Historically, only \~20% of Google searches were monetizable. With Al-driven personalization and intent inference, this funnel is expanding.""

https://preview.redd.it/x9frloax13cf1.jpg?width=1440&format=pjpg&auto=webp&s=cf8ecc1063d22b2d57009bdd1fab03b207f5a77b

Coming to the \~15% drop in $GOOG, Q1 saw double-digit top-line growth and a fat 34 % operating margin for Alphabet. Yet sentiment is ruled by forward risk, and the stock is now priced at \~17x forward earnings.Â 

The public sentiment about whoâ€™s leading the AI race changes every other week, but Googleâ€™s Gemini is almost never last in any list. This, combined with Googleâ€™s already pretty big stronghold on the search and browser business means they have a significant advantage over the competition when it comes to AIÂ **and**Â browsers. (itâ€™s pretty well known that Google has implemented AI into chrome for a good while now)

Search(ads) and browsers are Googleâ€™s moats. Google knows this, and they havenâ€™t stopped innovating.Â 

Looking ahead, the hard catalyst is the antitrust ruling for Chrome in August. Meanwhile, OpenAIâ€™s browser is supposedly weeks away, and Perplexityâ€™s â€˜Cometâ€™ is already in Public Beta.Â ",https://www.reddit.com/r/stocks/comments/1lwixnh/how_screwed_is_goog_really/
GOOGL,2025-03-24 07:49:17,reddit,"Companies in the EU are starting to look for ways to ditch Amazon, Google, and Microsoft cloud services.
https://www.wired.com/story/trump-us-cloud-services-europe/


#Trumpâ€™s Aggression Sours Europe on US Cloud Giants

###Companies in the EU are starting to look for ways to ditch Amazon, Google, and Microsoft cloud services amid fears of rising security risks from the US. But cutting ties wonâ€™t be easy.

> The global backlash against the second Donald Trump administration keeps on growing. Canadians have boycotted US-made products, antiâ€“Elon Musk posters have appeared across London amid widespread Tesla protests, and European officials have drastically increased military spending as US support for Ukraine falters. Dominant US tech services may be the next focus.

> There are early signs that some European companies and governments are souring on their use of American cloud services provided by the three so-called hyperscalers. Between them, Google Cloud, Microsoft Azure, and Amazon Web Services (AWS) host vast swathes of the internet and keep thousands of businesses running. However, some organizations appear to be reconsidering their use of these companiesâ€™ cloud servicesâ€”including servers, storage, and databasesâ€”citing uncertainties around privacy and data access fears under the Trump administration.

> â€œThereâ€™s a huge appetite in Europe to de-risk or decouple the over-dependence on US tech companies, because there is a concern that they could be weaponized against European interests,â€ says Marietje Schaake, a nonresident fellow at Stanfordâ€™s Cyber Policy Center and a former, decade-long member of the European Parliament.

> The moves may already be underway. On March 18, politicians in the Netherlands House of Representatives passed eight motions asking the government to reduce reliance on US tech companies and move to European alternatives. Days before, more than 100 organizations signed an open letter to European officials calling for the continent to become â€œmore technologically independentâ€ and saying the status quo creates â€œsecurity and reliability risks.â€

> Two European-based cloud service companies, Exoscale and Elastx, tell WIRED they have seen an uptick in potential customers looking to abandon US cloud providers over the last two weeksâ€”with some already starting to make the jump. Multiple technology advisers say they are having widespread discussions about what it would take to uproot services, data, and systems.

> â€œWe have more demand from across Europe,â€ says Mathias NÃ¶bauer, the CEO of Swiss-based hosting provider Exoscale, adding there has been an increase in new customers seeking to move away from cloud giants. â€œSome customers were very explicit,â€ NÃ¶bauer says. â€œEspecially customers from Denmark being very explicit that they want to move away from US hyperscalers because of the US administration and what they said about Greenland.â€

> â€œIt's a big worry about the uncertainty around everything. And from the Europeansâ€™ perspectiveâ€”that the US is maybe not on the same team as us any longer,â€ says Joakim Ã–hman, the CEO of Swedish cloud provider Elastx. â€œThose are the drivers that bring people or organizations to look at alternatives.â€

> Concerns have been raised about the current data-sharing agreement between the EU and US, which is designed to allow information to move between the two continents while protecting peopleâ€™s rights. Multiple previous versions of the agreement have been struck down by European courts. At the end of January, Trump fired three Democrats from the Privacy and Civil Liberties Oversight Board (PCLOB), which helps manage the current agreement. The move could undermine or increase uncertainty around the agreement. In addition, Ã–hman says, he has heard concerns from firms about the CLOUD Act, which can allow US law enforcement to subpoena user data from tech companies, potentially including data that is stored in systems outside of the US.

> Dave Cottlehuber, the founder of SkunkWerks, a small tech infrastructure firm in Austria, says he has been moving the companyâ€™s few servers and databases away from US providers to European services since the start of the year. â€œFirst and foremost, itâ€™s about values,â€ Cottlehuber says. â€œFor me, privacy is a right not a privilege.â€ Cottlehuber says the decision to move is easier for a small business such as his, but he argues it removes some taxes that are paid to the Trump administration. â€œThe best thing I can do is to remove that small contribution of mine, and also at the same time, make sure that my customersâ€™ privacy is respected and preserved,â€ Cottlehuber says.

> Steffen Schmidt, the CEO of Medicusdata, a company that provides text-to-speech services to doctors and hospitals in Europe, says that having data in Europe has always â€œbeen a must,â€ but his customers have been asking for more in recent weeks. â€œSince the beginning of 2025, in addition to data residency guarantees, customers have actively asked us to use cloud providers that are natively European companies,â€ Schmidt says, adding that some of his services have been moved to NÃ¶bauerâ€™s Exoscale.

> Harry Staight, a spokesperson for AWS, says it is â€œnot accurateâ€ that customers are moving from AWS to EU alternatives. â€œOur customers have control over where they store their data and how it is encrypted, and we make the AWS Cloud sovereign-by-design,â€ Straight says. â€œAWS services support encryption with customer managed keys that are inaccessible to AWS, which means customers have complete control of who accesses their data.â€ Staight says the membership of the PCLOB â€œdoes not impactâ€ the agreements around EU-US data sharing and that the CLOUD Act has â€œadditional safeguards for cloud content.â€ Google and Microsoft declined to comment.

> The potential shift away from US tech firms is not just linked to cloud providers. Since January 15, visitors to the European Alternatives website increased more than 1,200 percent. The site lists everything from music streaming services to DDoS protection tools, says Marko Saric, a cofounder of European cloud analytics service Plausible. â€œWe can certainly feel that something is going on,â€ Saric says, claiming that during the first 18 days of March the company has â€œbeatenâ€ the net recurring revenue growth it saw in January and February. â€œThis is organic growth which cannot be explained by any seasonality or our activities,â€ he says.

> While there are signs of movement, the impact is likely to be smallâ€”at least for now. Around the world, governments and businesses use multiple cloud servicesâ€”such as authentication measures, hosting, data storage, and increasingly data centers providing AI processingâ€”from the big three cloud and tech service providers. Cottlehuber says that, for large businesses, it may take many months, if not longer, to consider what needs to be moved, the risks involved, plus actually changing systems. â€œWhat happens if you have a hundred petabytes of storage, it's going to take years to move over the internet,â€ he says.

> For years, European companies have struggled to compete with the likes of Google, Microsoft, and Amazonâ€™s cloud services and technical infrastructure, which make billions every year. It may also be difficult to find similar services on the scale of those provided by alternative European cloud firms.

> â€œIf you are deep into the hyperscaler cloud ecosystem, youâ€™ll struggle to find equivalent services elsewhere,â€ says Bert Hubert, an entrepreneur and former government regulator, who says he has heard of multiple new cloud migrations to US firms being put on hold or reconsidered. Hubert has argued that it is no longer â€œsafeâ€ for European governments to be moved to US clouds and that European alternatives canâ€™t properly compete. â€œWe sell a lot of fine wood here in Europe. But not that much furniture,â€ he says. However, that too could change.

> Schaake, the former member of the European Parliament, says a combination of new investments, a different approach to buying public services, and a Europe-first approach or investing in a European technology stack could help to stimulate any wider moves on the continent. â€œThe dramatic shift of the Trump administration is very tangible,â€ Schaake says. â€œThe idea that anything could happen and that Europe should fend for itself is clear. Now we need to see the same kind of pace and leadership that we see with defense to actually turn this into meaningful action.â€

**Credit:** *(Matt Burgess is a senior writer at WIRED focused on information security, privacy, and data regulation in Europe. He graduated from the University of Sheffield with a degree in journalism and now lives in London.)*",https://www.reddit.com/r/stocks/comments/1jilfwg/companies_in_the_eu_are_starting_to_look_for_ways/
GOOGL,2025-06-19 17:57:12,reddit,"Google likely to face $4.7 billion USD fine
GOOG can't catch a break and likely to face fines in EU general court, however the penalty is not confirmed, only an advise by the Advocate General in EU court to dismiss Google's appeal against the fine that was proposed in 2022. This was the reason why goog took a dump before the market close on 18th June.

I am long goog, have $180C for August; hoping this is not a big dent. 

https://www.nbclosangeles.com/news/business/money-report/google-looks-likely-to-lose-appeal-against-record-4-7-billion-eu-fine/3727955/",https://www.reddit.com/r/stocks/comments/1lfhex0/google_likely_to_face_47_billion_usd_fine/
GOOGL,2025-07-12 18:01:37,reddit,"ChatGPT hit 100M users ~3 years ago. Google search shows no decline $GOOG
Almost every day I read about how search is dead, but AFAICT the metrics show the complete opposite story - search revenue is in fact growing faster than it was back then.  

Even apples data point was quickly disproven; Apple exec noted *safari* searches dipped; NOT Google queries from iOS devices.  This could be due to safari losing market share to chrome.  Google itself confirmed that iOS google queries are increasing not decreasing. 

If a move were to happen it probably would have happened when ChatGPT had a unique product; but thereâ€™s several models which have the same quality (Claude Gemini and even Grok), including embedded into Google search itself

Gemini app (not AI overviews, but actual product) has 400M MAU already 

The narrative seems so disconnected from reality thus I am all in $GOOG

Right now if search revenue was $0, Googleâ€™s PE would be less than Microsoftâ€™s. and thatâ€™s for a bunch of hyper growth businesses (YouTube Waymo GCP TPU etc)

For those who whole heartedly believe search has died, what metrics are you using?
 
",https://www.reddit.com/r/stocks/comments/1ly6trs/chatgpt_hit_100m_users_3_years_ago_google_search/
GOOGL,2024-08-13 21:03:15,reddit,"Bloomberg: US Considers a Rare Antitrust Move: Breaking Up Google
A rare bid to break up Alphabet Inc.â€™s Google is one of the options being considered by the Justice Department after a landmark court ruling found that the company monopolized the online search market, according to people with knowledge of the deliberations.

The move would be Washingtonâ€™s first push to dismantle a company for illegal monopolization since unsuccessful efforts to break up Microsoft Corp. two decades ago. Less severe options include forcing Google to share more data with competitors and measures to prevent it from gaining an unfair advantage in AI products, said the people, who asked not to be identified discussing private conversations.

Regardless, the government will likely seek a ban on the type of exclusive contracts that were at the center of its case against Google. If the Justice Department pushes ahead with a breakup plan, the most likely units for divestment are the Android operating system and Googleâ€™s web browser Chrome, said the people. Officials are also looking at trying to force a possible sale of AdWords, the platform the company uses to sell text advertising, one of the people said.

The Justice Department discussions have intensified in the wake of Judge Amit Mehtaâ€™s Aug. 5 ruling that Google illegally monopolized the markets of online search and search text ads. Google has said it will appeal that decision, but Mehta has ordered both sides to begin plans for the second phase of the case, which will involve the governmentâ€™s proposals for restoring competition, including a possible breakup request.

Alphabet shares fell as much as 2.5% to $160.11 in after-hours trading before erasing some losses.

A Google spokesman declined to comment on the possible remedy. A Justice Department spokeswoman also declined to comment.

The US plan will need to be accepted by Mehta, who would direct the company to comply. A forced breakup of Google would be the biggest of a US company since AT&T was dismantled in the 1980s.

Justice Department attorneys, who have been consulting with companies affected by Googleâ€™s practices, have raised concerns in their discussions that the companyâ€™s search dominance gives it advantages in developing artificial intelligence technology, the people said. As part of a remedy, the government might seek to stop the company from forcing websites to allow their content to be used for some of Googleâ€™s AI products in order to appear in search results.

**Breakup**

Divesting the Android operating system, used on about 2.5 billion devices worldwide, is one of the remedies thatâ€™s been most frequently discussed by Justice Department attorneys, according to the people. In his decision, Mehta found that Google requires device makers to sign agreements to gain access to its apps like Gmail and the Google Play Store.

Those agreements also require that Googleâ€™s search widget and Chrome browser be installed on devices in such a way they canâ€™t be deleted, effectively preventing other search engines from competing, he found.

Mehtaâ€™s decision follows a verdict by a California jury in December that found the company monopolized Android app distribution. A judge in that case hasnâ€™t yet decided on relief. The Federal Trade Commission, which also enforces antitrust laws, filed a brief in that case this week and said in a statement that Google shouldnâ€™t be allowed â€œto reap the rewards of illegal monopolization.â€

Google paid as much as $26 billion to companies to make its search engine the default on devices and in web browsers, with $20 billion of that going to Apple Inc.

Mehtaâ€™s ruling also found Google monopolized the advertisements that appear at the top of a search results page to draw users to websites, known as search text ads. Those are sold via Google Ads, which was rebranded from AdWords in 2018 and offers marketers a way to run ads against certain search keywords related to their business. About two-thirds of Googleâ€™s total revenue comes from search ads, amounting to more than $100 billion in 2020, according to testimony from last yearâ€™s trial.

If the Justice Department doesnâ€™t call for Google to sell off AdWords, it could ask for interoperability requirements that would make it work seamlessly on other search engines, the people said.

**Data Access**

Another option would require Google to divest or license its data to rivals, such as Microsoftâ€™s Bing or DuckDuckGo. Mehtaâ€™s ruling found that Googleâ€™s contracts ensure not only that its search engine gets the most user data â€“ 16 times as much as its next closest competitor â€” but that data stream also keeps its rivals from improving their search results and competing effectively.

Europeâ€™s recently enacted digital gatekeeper rules imposed a similar requirement that Google make available some of its data to third-party search engines. The company has said publicly that sharing data can pose user privacy concerns, so it only makes available information on searches that meet certain thresholds.

Requiring monopolists to allow rivals to have some access to technology has been a remedy in previous cases. In the Justice Departmentâ€™s first case against AT&T in 1956, the company was required to provide royalty-free licenses to its patents.

In the antitrust case against Microsoft, the settlement required the Redmond, Washington, tech giant to make some of its so-called application programming interfaces, or APIs, available to third-parties for free. APIs are used to ensure that software programs can effectively communicate and exchange data with each other.

**AI Products**

For years, websites have allowed Googleâ€™s web crawler access to ensure they appear in the companyâ€™s search results. But more recently some of that data has been used to help Google develop its AI.

Last fall, Google created a tool to allow websites to block scraping for AI, after companies complained. But that opt-out doesnâ€™t apply to everything. In May, Google announced that some searches will now come with â€œAI Overviews,â€ narrative responses that spare people the task of clicking through various links. The AI-powered panel appears underneath queries, presenting summarized information drawn from Google search results from across the web.

Google doesnâ€™t allow website publishers to opt-out of appearing in AI Overviews, since those are a â€œfeatureâ€ of search, not a separate product. Websites can block Google from using snippets, but that applies to both search and the AI Overviews.

While AI Overviews only appear on a fraction of searches, the featureâ€™s roll-out has been rocky after some excerpts offered embarrassing suggestions, like advising people to eat rocks or to put glue on pizza.

https://www.bloomberg.com/news/articles/2024-08-13/doj-considers-seeking-google-goog-breakup-after-major-antitrust-win",https://www.reddit.com/r/stocks/comments/1eriwi8/bloomberg_us_considers_a_rare_antitrust_move/
GOOGL,2025-05-07 15:19:01,reddit,"What just happened to google out of nowhere?
Google dropped in a couple of minutes 5% and is down even more at the time of this post. What just happened? Didnt they just realase a possitive quarter that gained them 2%? What is going on in this market? Someone please update me on this.",https://www.reddit.com/r/stocks/comments/1kgzysd/what_just_happened_to_google_out_of_nowhere/
GOOGL,2025-06-11 04:44:34,reddit,"Google offers buyouts to employees across the company. This trend has started in China and will extend to the western hemisphere
Edit: Again, not saying that it actually started in China, but highlighting that everything is accelerating with AI systems which will define more optimal avenues for efficiency when it comes to workforce and for now some western hemisphere countries were relatively more protected given our labour laws and social safety nets. But with less employees, less savings for retirement or jobless earnings. Many topics /idea mixed below ( thatâ€™s the beauty of human brain/rambling vs edited by AI).

https://www.cnbc.com/2025/06/11/cnbcs-the-china-connection-newsletter-ai-hits-an-already-weak-jobs-market.html

https://www.cnbc.com/2025/06/10/google-buyouts-search-ads-unit.html

This trend is likely to accelerate within the next 24 months in Usa. With major cuts expected in the NYSE AI listed companies, significant profits can be made. AI teams will be affected too. A tale of a snake eating its own tail and flesh.

But with the size of the China workforce in a country that produces more than one million engineers yearly, and with the expected rise of unemployment and accelerating AI mechanics , we might be at the dawn of a geopolitical shift in china and a redefinition of the power imbalance between low cost production countries and emerging low cost production countries in all continents.

Jobs average lifespan for employees getting lower and lower. From lifetime jobs more than 60 years ago to 1 month lifespan very soon.

For the hard or brick and mortar stuff, wouldnâ€™t be surprised in the near future, if technologies companies which typically donâ€™t pay dividends on consistent basis morph into  structures like REITs ( Real Estate Investment Trusts) and become REITs( Robots Ecosystems Industrial Trusts). You buy a stock of a company owning robots and the entity will pay you monthly dividends; but instead of a bond like return growing slowly, Dividends increase on yearly basis will be more substantial given AI efficiencies. The valuation of these IT companies will be more marketable using the dividend growth model.

",https://www.reddit.com/r/stocks/comments/1l8jxrp/google_offers_buyouts_to_employees_across_the/
GOOGL,2023-02-08 14:15:51,reddit,"AI Wars: Google stock tumbles -5% premarket as Bard AI gives wrong answer at launch event, Microsoft to incorporate ChatGPT into Bing
 Googleâ€™s new AI-powered chatbot Bard has stumbled at the first hurdle after it gave a misleading response during a demonstration at a launch event this week.

The AI search assistant, unveiled on Tuesday, is used by Google to generate text summaries of search results.

Yet in an animated image of Google Bard in action distributed by Google to mark the new featureâ€™s launch, it gives a wrong answer.

The falsehood will raise further questions about the accuracy of search engines and of AI-generated answers to humansâ€™ questions.

In an animated GIF showing how Bard works, a user types in the search query ""what new discoveries from the James Webb Space Telescope can I tell my 9 year old about?""

The NASA telescope was made operational in December 2021 and has been used by scientists to make several discoveries of new planets outside the Solar System.

One of the responses generated by Bard says: ""JWST took the very first pictures of a planet outside of our own solar system.""

Yet this is not accurate. The first picture ever taken of a planet outside the solar system - an exoplanet - was captured in 2004 by the Very Large Telescope array in Chile.

[https://www.telegraph.co.uk/technology/2023/02/08/googles-bard-ai-chatbot-gives-wrong-answer-launch-event/](https://www.telegraph.co.uk/technology/2023/02/08/googles-bard-ai-chatbot-gives-wrong-answer-launch-event/)",https://www.reddit.com/r/stocks/comments/10wxs1y/ai_wars_google_stock_tumbles_5_premarket_as_bard/
GOOGL,2025-06-02 18:15:39,reddit,"Alphabet stock could drop up to 25% if judge forces Google to sell Chrome, Barclays says
No paywall: [https://finance.yahoo.com/news/alphabet-stock-could-fall-as-much-as-25-in-black-swan-event-if-judge-orders-google-chrome-divestiture-174438942.html](https://finance.yahoo.com/news/alphabet-stock-could-fall-as-much-as-25-in-black-swan-event-if-judge-orders-google-chrome-divestiture-174438942.html)

Alphabet (GOOG,Â GOOGL) stock could drop between 15% and 25% if US District Judge Amit Mehta orders Google to sell off its Chrome browser, Barclays analysts wrote in a note to investors Monday.

In August 2024, Google lost a landmark antitrust trial against the US Department of Justice. Judge Mehta found the tech giant guilty of monopolizing the search engine market â€” specifically, the markets for ""general search"" and ""general search text"" ads, which are ones that appear at the top of the search results page,Â Yahoo Financeâ€™s Alexis Keenan reported.

Last Friday, Google and the Department of Justice wrapped up closing arguments in the remedies phase of the case. The Department of JusticeÂ argued that Mehta should force Google to divest its web browser, Chrome, and share its search data with rivals as well as ban its exclusivity agreements that secure Google as the default search engine on mobile devices and browsers, Keenan and Yahoo Financeâ€™s Dan Howley reported.

Barclays analyst Ross Sandler wrote in a Monday note that â€œthe probability of a Chrome divestiture, while low, has increased in our view,â€ following the closing arguments, adding that â€œthe most likely candidatesâ€ to buy Chrome would be â€œwell funded AI companies like OpenAI, Anthropic or perhaps Perplexity.â€

Sandler said such an outcome would be â€œa major blowâ€ to Google, given that Chrome has 4 billion users and represents 35% of Googleâ€™s search revenue.

â€œThis would be a major development, a black swan event for GOOGL shares,â€ he said. â€œShares would obviously trade off significantly if this were to play out as no investors we speak to are thinking this remedy plays out.â€

Sandler said a Chrome divestiture would not only cause Alphabet stock to tumble as much as 25% but would also result in a potential 30% hit to Alphabetâ€™s earnings per share.

â€œThe reality is we don't know what the court is going to decide on remedies, we listened to the entire day of closing arguments and there were certainly times where we felt a lot worse than we did prior, and other times where we felt better (in terms of GOOGL stock price impact),â€ Sandler said. He holds an Overweight rating on the stock.

Mehta is expected to decide on a remedy in the case â€” and the fate of Googleâ€™s search empire â€” in August. Google said Saturday thatÂ it will appeal the case.

Separately on Monday,Â Alphabet said it agreed to spend $500 million to change its compliance structure in order to settle a case with shareholdersÂ accusing the company of antitrust violations.

Alphabet stock fell 1.5% on Monday, and shares are down 10.6% year to date.",https://www.reddit.com/r/stocks/comments/1l1pb6a/alphabet_stock_could_drop_up_to_25_if_judge/
AAPL,2025-08-03 11:44:51+00:00,news,"Promising Technology Stocks To Watch Now â€“ July 31st NVIDIA, Meta Platforms, Microsoft, Advanced Micro Devices, and Apple are the five Technology stocks to watch today, according to MarketBeatâ€™s stock screener tool. Technology stocks are shares in companies that develop, manufacture or distribute technology proâ€¦",https://www.etfdailynews.com/2025/08/03/promising-technology-stocks-to-watch-now-july-31st/
AAPL,2025-08-03 10:56:58+00:00,news,"Retail Stocks To Follow Today â€“ July 31st Microsoft, Tesla, Amazon.com, Apple, and UnitedHealth Group are the five Retail stocks to watch today, according to MarketBeatâ€™s stock screener tool. Retail stocks are shares of publicly traded companies whose primary business is selling goods or services dirâ€¦",https://www.etfdailynews.com/2025/08/03/retail-stocks-to-follow-today-july-31st/
AAPL,2025-08-03 10:23:01+00:00,news,"Elwood & Goetz Wealth Advisory Group LLC Buys 441 Shares of Apple Inc. (NASDAQ:AAPL) Elwood & Goetz Wealth Advisory Group LLC lifted its holdings in shares of Apple Inc. (NASDAQ:AAPL â€“ Free Report) by 3.0% in the 1st quarter, according to its most recent filing with the Securities and Exchange Commission. The firm owned 15,088 shares of the iâ€¦",https://www.etfdailynews.com/2025/08/03/elwood-goetz-wealth-advisory-group-llc-buys-441-shares-of-apple-inc-nasdaqaapl/
MSFT,2025-08-03 11:44:51+00:00,news,"Microsoft Corporation (NASDAQ:MSFT) is WoodTrust Financial Corpâ€™s 7th Largest Position WoodTrust Financial Corp increased its stake in shares of Microsoft Corporation (NASDAQ:MSFT â€“ Free Report) by 2.9% in the first quarter, according to its most recent Form 13F filing with the SEC. The fund owned 63,772 shares of the software giantâ€™s stock aftâ€¦",https://www.etfdailynews.com/2025/08/03/microsoft-corporation-nasdaqmsft-is-woodtrust-financial-corps-7th-largest-position/
MSFT,2025-08-03 11:44:51+00:00,news,"Microsoft Corporation (NASDAQ:MSFT) Shares Bought by Asset Management One Co. Ltd. Asset Management One Co. Ltd. boosted its holdings in shares of Microsoft Corporation (NASDAQ:MSFT â€“ Free Report) by 6.1% in the first quarter, according to its most recent disclosure with the Securities and Exchange Commission (SEC). The firm owned 3,240,236â€¦",https://www.etfdailynews.com/2025/08/03/microsoft-corporation-nasdaqmsft-shares-bought-by-asset-management-one-co-ltd/
MSFT,2025-08-03 11:44:51+00:00,news,"Microsoft Corporation (NASDAQ:MSFT) is Lazari Capital Management Inc.â€™s 7th Largest Position Lazari Capital Management Inc. lifted its holdings in Microsoft Corporation (NASDAQ:MSFT â€“ Free Report) by 9.9% in the 1st quarter, according to its most recent filing with the SEC. The firm owned 17,674 shares of the software giantâ€™s stock after purchasing aâ€¦",https://www.etfdailynews.com/2025/08/03/microsoft-corporation-nasdaqmsft-is-lazari-capital-management-inc-s-7th-largest-position/
TSLA,2025-08-03 13:26:06+00:00,news,"Best Dividend Stocks To Add to Your Watchlist â€“ August 1st UnitedHealth Group, ProShares UltraPro Short QQQ, Exxon Mobil, Direxion Daily TSLA Bull 2X Shares, and Novo Nordisk A/S are the five Dividend stocks to watch today, according to MarketBeatâ€™s stock screener tool. Dividend stocks are shares of companies that diâ€¦",https://www.etfdailynews.com/2025/08/03/best-dividend-stocks-to-add-to-your-watchlist-august-1st/
TSLA,2025-08-03 10:56:58+00:00,news,"Retail Stocks To Follow Today â€“ July 31st Microsoft, Tesla, Amazon.com, Apple, and UnitedHealth Group are the five Retail stocks to watch today, according to MarketBeatâ€™s stock screener tool. Retail stocks are shares of publicly traded companies whose primary business is selling goods or services dirâ€¦",https://www.etfdailynews.com/2025/08/03/retail-stocks-to-follow-today-july-31st/
TSLA,2025-08-03 07:34:52+00:00,news,"Promising Mid Cap Stocks Worth Watching â€“ August 1st ProShares UltraPro Short QQQ, Chart Industries, AltC Acquisition, Direxion Daily TSLA Bull 2X Shares, Align Technology, Fluor, and American Airlines Group are the seven Mid Cap stocks to watch today, according to MarketBeatâ€™s stock screener tool. Mid-cap stocâ€¦",https://www.etfdailynews.com/2025/08/03/promising-mid-cap-stocks-worth-watching-august-1st/
NVDA,2025-08-03 11:44:51+00:00,news,"Promising Technology Stocks To Watch Now â€“ July 31st NVIDIA, Meta Platforms, Microsoft, Advanced Micro Devices, and Apple are the five Technology stocks to watch today, according to MarketBeatâ€™s stock screener tool. Technology stocks are shares in companies that develop, manufacture or distribute technology proâ€¦",https://www.etfdailynews.com/2025/08/03/promising-technology-stocks-to-watch-now-july-31st/
NVDA,2025-08-03 11:44:50+00:00,news,"Promising Metaverse Stocks To Follow Today â€“ July 31st NVIDIA, Accenture, Globant, SK Telecom, Robot Consulting, PowerUp Acquisition, and Everbright Digital are the seven Metaverse stocks to watch today, according to MarketBeatâ€™s stock screener tool. Error: Response status code does not indicate success: 429 (Tooâ€¦",https://www.etfdailynews.com/2025/08/03/promising-metaverse-stocks-to-follow-today-july-31st/
NVDA,2025-08-03 11:44:48+00:00,news,"Streaming Stocks To Follow Now â€“ August 1st NVIDIA, Figma, and AppLovin are the three Streaming stocks to watch today, according to MarketBeatâ€™s stock screener tool. Streaming stocks are shares of publicly traded companies whose primary business is delivering digital contentâ€”such as video, music or gamâ€¦",https://www.etfdailynews.com/2025/08/03/streaming-stocks-to-follow-now-august-1st/
GOOGL,2025-08-03 07:33:10+00:00,news,"Best Cybersecurity Stocks To Keep An Eye On â€“ July 31st Alphabet, Palo Alto Networks, and CrowdStrike are the three Cybersecurity stocks to watch today, according to MarketBeatâ€™s stock screener tool. Error: Response status code does not indicate success: 429 (Too Many Requests). These companies had the highest dolâ€¦",https://www.etfdailynews.com/2025/08/03/best-cybersecurity-stocks-to-keep-an-eye-on-july-31st/
GOOGL,2025-08-03 06:05:31+00:00,news,"Sen. Shelley Moore Capito Purchases Shares of Alphabet Inc. (NASDAQ:GOOGL) Senator Shelley Moore Capito (R-West Virginia) recently bought shares of Alphabet Inc. (NASDAQ:GOOGL). In a filing disclosed on June 13th, the Senator disclosed that they had bought between $1,001 and $15,000 in Alphabet stock on May 8th. Senator Shelley Moorâ€¦",https://www.etfdailynews.com/2025/08/03/sen-shelley-moore-capito-purchases-shares-of-alphabet-inc-nasdaqgoogl/
GOOGL,2025-08-03 05:14:48+00:00,news,"Best Cybersecurity Stocks To Follow Today â€“ August 1st Alphabet, Palo Alto Networks, CrowdStrike, Dell Technologies, and Emerson Electric are the five Cybersecurity stocks to watch today, according to MarketBeatâ€™s stock screener tool. Cybersecurity stocks are shares of publicly traded companies that develop, sellâ€¦",https://www.etfdailynews.com/2025/08/03/best-cybersecurity-stocks-to-follow-today-august-1st/
